epoch,lr-AdamW/pg1,lr-AdamW/pg2,step,train_loss,train_vicreg_loss
,7.777777777777777e-06,7.777777777777777e-06,49,,
,7.777777777777777e-06,7.777777777777777e-06,49,,
0,,,49,0.0,0.0
