{
  "bleu4": 0.0012133325658524254,
  "meteor": 0.1515399948585475,
  "rougeL": 0.11157757987935028,
  "spice": 0.23750214278697968,
  "cider": 0.005387226037754311
}