{
  "bleu4": 0.004702769561763963,
  "meteor": 0.1855533887436866,
  "rougeL": 0.12335219768369958,
  "spice": 0.3437519669532776,
  "cider": 0.009556521330229923
}