{
  "bleu4": 0.001098341125244157,
  "meteor": 0.1164524246662713,
  "rougeL": 0.07869067740778593,
  "spice": 0.29834073781967163,
  "cider": 0.0008903034537369883
}