{
  "bleu4": 0.007609371586731424,
  "meteor": 0.13719712619142815,
  "rougeL": 0.14783992916398306,
  "spice": 0.3637843430042267,
  "cider": 0.029468201292136953
}