{
  "bleu4": 0.012585944316572308,
  "meteor": 0.15297701249987855,
  "rougeL": 0.1849035739189756,
  "spice": 0.37041327357292175,
  "cider": 0.07762526078940947,
  "clip_s": 0.20055946538240751,
  "ref_clip_s": 0.7099512820475015
}