{
  "bleu4": 0.008094798292678881,
  "meteor": 0.12093365153428258,
  "rougeL": 0.14775256038637435,
  "spice": 0.3485468029975891,
  "cider": 0.03359914227160455
}