{
  "bleu4": 0.002627590984524528,
  "meteor": 0.06791480298967427,
  "rougeL": 0.08320409411280516,
  "spice": 0.0,
  "cider": 0.009034953825941196
}