{
  "bleu4": 0.008241490387208861,
  "meteor": 0.11848507619316109,
  "rougeL": 0.1618184148117649,
  "spice": 0.33353644609451294,
  "cider": 0.06010170268316946,
  "clip_s": 0.2029621576294478,
  "ref_clip_s": 0.729090511018536
}