{
  "bleu4": 0.00529707315187102,
  "meteor": 0.09870636064895802,
  "rougeL": 0.13349964931141667,
  "spice": 0.25393590331077576,
  "cider": 0.037432161677543874,
  "clip_s": 0.19206854441565488,
  "ref_clip_s": 0.6847899407673314
}