{
  "bleu4": 0.013913459678978455,
  "meteor": 0.15174963819455864,
  "rougeL": 0.18063135197994162,
  "spice": 0.37246787548065186,
  "cider": 0.07927212196879756
}