{
  "bleu4": 0.009867828340037778,
  "meteor": 0.1226764418873674,
  "rougeL": 0.17512271299501972,
  "spice": 0.08700940482719137,
  "cider": 0.07123330653516817
}