{
  "bleu4": 0.0054645141137945,
  "meteor": 0.09938896572637107,
  "rougeL": 0.12802964505868888,
  "spice": 0.2829038202762604,
  "cider": 0.028772580906710237,
  "clip_s": 0.2076640558650761,
  "ref_clip_s": 0.699087935513127
}