{
  "bleu4": 0.0048120292010296875,
  "meteor": 0.18211613314121922,
  "rougeL": 0.13458201200378825,
  "spice": 0.35134416818618774,
  "cider": 0.0026260650412570524
}