{
  "bleu4": 5.109664485838553e-08,
  "meteor": 0.0005750473182784733,
  "rougeL": 0.0008015839825088623,
  "spice": 0.02203546091914177,
  "cider": 0.00021025840222304337
}