{
  "bleu4": 0.019572492569003508,
  "meteor": 0.16301197312954988,
  "rougeL": 0.2050138221044439,
  "spice": 0.39535263180732727,
  "cider": 0.11791823212507621,
  "clip_s": 0.20594405999876741,
  "ref_clip_s": 0.7454860619387798,
  "finetuning 단계에서 모두 학습함": true
}
