{
  "bleu4": 0.007418345326554098,
  "meteor": 0.14989423993055837,
  "rougeL": 0.1631581774761459,
  "spice": 0.3848661184310913,
  "cider": 0.04341932002320347
}