{
  "bleu4": 0.006982259896255661,
  "meteor": 0.16208837258201628,
  "rougeL": 0.1534790533849929,
  "spice": 0.3831770420074463,
  "cider": 0.029373102990237047
}