{
  "bleu4": 0.004471840878127729,
  "meteor": 0.17476877247860048,
  "rougeL": 0.1003668586221855,
  "spice": 0.35875779390335083,
  "cider": 4.364633661006295e-05
}