{
  "bleu4": 0.010882894020054016,
  "meteor": 0.12552140250579708,
  "rougeL": 0.168199105948219,
  "spice": 0.3566443920135498,
  "cider": 0.06337131204843834
}