{
  "bleu4": 0.01273963069729889,
  "meteor": 0.15028136259787567,
  "rougeL": 0.188936151728319,
  "spice": 0.38705921173095703,
  "cider": 0.08501660164156298
}