{
  "bleu4": 0.01467054620050146,
  "meteor": 0.15207146940583355,
  "rougeL": 0.18760581123421985,
  "spice": 0.3803693652153015,
  "cider": 0.07455213472703505
}