{
  "bleu4": 0.013818759185804158,
  "meteor": 0.1310406913299731,
  "rougeL": 0.17117375600976772,
  "spice": 0.3451787829399109,
  "cider": 0.08424876806857268,
  "clip_s": 0.21130617979830166,
  "ref_clip_s": 0.7154788926128735
}