{
  "bleu4": 0.006454303855664174,
  "meteor": 0.2019963976010108,
  "rougeL": 0.14664286355772668,
  "spice": 0.37608039379119873,
  "cider": 0.002340943753140707
}